date,precip,temp,pet,Q
1/1/1989,17.16,6.815,0.6878,6.4187
1/2/1989,0,5.05,0.6418,5.135
1/3/1989,3.4,6.58,0.681,3.3251
1/4/1989,0,2.895,0.6242,2.5675
1/5/1989,0,2.335,0.6208,2.0982
1/6/1989,10.38,10.06,0.7888,2.0119
1/7/1989,0,11.285,0.8458,1.974
1/8/1989,12.65,10.8,0.7981,2.357
1/9/1989,4.87,2.06,0.605,2.7779
1/10/1989,0,2.86,0.6374,2.2939
1/11/1989,26.62,6.81,0.7397,2.9252
1/12/1989,54.87,9.825,0.7843,20.5188
1/13/1989,34.11,5.485,0.7241,34.7242
1/14/1989,25.78,3.58,0.6587,12.6901
1/15/1989,29.85,4.605,0.6517,14.8577
1/16/1989,0,2.935,0.7107,7.4499
1/17/1989,0,2.18,0.7223,4.5036
1/18/1989,0,5.175,0.7922,3.3672
1/19/1989,0,6.78,0.8469,4.0827
1/20/1989,0,6.09,0.8675,4.8403
1/21/1989,0,1.405,0.7527,4.3142
1/22/1989,0,2.13,0.7897,3.9354
1/23/1989,0,4.865,0.8635,3.6408
1/24/1989,0,8.215,0.9788,3.3882
1/25/1989,0,11.06,1.1058,3.1988
1/26/1989,0,12.47,1.1749,3.0936
1/27/1989,14.61,5.045,0.8757,3.1567
1/28/1989,0,3.825,0.9409,3.1357
1/29/1989,10.51,6.33,0.9627,3.3041
1/30/1989,13.65,9.415,0.958,3.8512
1/31/1989,0,7.945,1.1331,3.9144
2/1/1989,0,12.27,1.3032,3.8723
2/2/1989,0,17.205,1.431,3.6829
2/3/1989,9.49,11.435,1.1756,3.6618
2/4/1989,6.66,-0.46,0.6892,3.725
2/5/1989,6.36,-2.38,0.5346,3.6829
2/6/1989,5.45,-4.875,0.5842,3.5566
2/7/1989,5.88,-6.425,0.5634,3.4514
2/8/1989,0,-3.73,0.8798,3.3251
2/9/1989,0,-4.35,0.9331,3.1567
2/10/1989,0,-4.515,0.9386,3.0305
2/11/1989,0,1.11,1.2059,2.9252
2/12/1989,0,4.04,1.3568,2.8411
2/13/1989,6.67,8.25,1.3173,2.7779
2/14/1989,33.37,14.22,1.4146,9.1335
2/15/1989,28.53,13.315,1.4219,13.3004
2/16/1989,10.89,10.93,1.3604,16.6255
2/17/1989,14.29,3.04,0.7702,12.1429
2/18/1989,20.92,1.045,0.6809,12.1429
2/19/1989,2,1.85,0.9032,15.7206
2/20/1989,18.12,6.065,1.0398,13.595
2/21/1989,54.01,8.845,1.2166,23.1495
2/22/1989,2.53,2.74,1.1894,18.0987
2/23/1989,16.1,-4.23,0.9696,6.0189
2/24/1989,0,-5.475,1.1455,3.9565
2/25/1989,0,-1.31,1.4933,3.0094
2/26/1989,0,5.115,1.8886,2.4833
2/27/1989,21.17,6.725,1.61,2.5254
2/28/1989,13.86,1.405,1.1245,4.3774
3/1/1989,0,4.05,1.7857,4.1248
3/2/1989,0,5.07,1.9973,3.1567
3/3/1989,0,7.68,2.2184,2.6306
3/4/1989,0,11.33,1.9566,2.3149
3/5/1989,74.88,10.58,1.855,10.2489
3/6/1989,23.9,2.475,1.1753,25.254
3/7/1989,0,-1.385,0.7587,9.1335
3/8/1989,0,-0.48,1.4034,4.8193
3/9/1989,0,3.7,1.9686,3.4935
3/10/1989,0,6.835,2.2815,2.7779
3/11/1989,0,10.905,2.5588,2.3781
3/12/1989,0,13.915,2.7955,2.0898
3/13/1989,0,15.02,2.9008,1.8772
3/14/1989,0,16.78,2.9635,1.7067
3/15/1989,0,18.325,2.9848,1.5678
3/16/1989,0,9.445,2.6651,1.4268
3/17/1989,0,11.31,2.8205,1.3048
3/18/1989,2.59,15.31,2.855,1.2501
3/19/1989,0.72,6.88,2.5133,1.2164
3/20/1989,13.87,10.54,2.2312,1.208
3/21/1989,17.77,12.045,2.3852,1.2711
3/22/1989,0,3.01,1.7266,1.2564
3/23/1989,0,6.96,2.0668,1.1806
3/24/1989,1.06,8.955,1.789,1.1911
3/25/1989,0,12.27,2.7375,1.2017
3/26/1989,0,13.81,3.2411,1.168
3/27/1989,0,15.635,3.3986,1.1448
3/28/1989,0,19.545,3.4903,1.0859
3/29/1989,18.78,20.535,2.6513,1.0459
3/30/1989,7.57,18.735,2.3594,1.0417
3/31/1989,17.67,12.935,2.611,1.2417
4/1/1989,0,4.93,2.6082,1.3827
4/2/1989,0,10.475,3.0881,1.2627
4/3/1989,26.7,16.205,2.518,2.3781
4/4/1989,47.32,16.87,2.5161,10.5014
4/5/1989,16.71,10.865,2.6603,16.5413
4/6/1989,6.22,6.555,2.4548,6.566
4/7/1989,14.15,7.27,2.0564,4.9877
4/8/1989,5.84,9.82,1.9491,4.7141
4/9/1989,0.5,7.515,2.7923,3.6618
4/10/1989,0,5.42,2.122,2.799
4/11/1989,0,2.2,2.6885,2.2939
4/12/1989,0,4.62,2.9799,2.0308
4/13/1989,0,8.025,3.4037,1.8435
4/14/1989,0,8.95,3.4787,1.692
4/15/1989,5.41,11.085,2.3917,1.6205
4/16/1989,0,9.745,3.5855,1.511
4/17/1989,0,14.645,4.1262,1.3848
4/18/1989,0,18.455,4.451,1.2795
4/19/1989,6.86,17.405,3.3768,1.2311
4/20/1989,0,11.51,3.8035,1.1932
4/21/1989,0,13.07,4.1312,1.1343
4/22/1989,0,16.74,4.4277,1.0943
4/23/1989,0,18.625,4.5988,1.0733
4/24/1989,0,20.62,4.5708,1.0586
4/25/1989,0,21.285,4.5779,1.0059
4/26/1989,0,21.64,4.5444,0.9407
4/27/1989,0,22.705,4.6495,0.9134
4/28/1989,0,22.245,4.5647,0.8839
4/29/1989,0,22.085,4.406,0.8607
4/30/1989,0,19.74,3.638,0.8397
5/1/1989,8.37,18.595,3.0537,0.8734
5/2/1989,0,13.145,3.5983,0.9239
5/3/1989,0,13.335,3.2795,0.8565
5/4/1989,0,13.27,3.1619,0.8355
5/5/1989,18.71,15.91,2.0745,0.9996
5/6/1989,14.3,14.8,2.9884,1.2417
5/7/1989,0,8.915,3.7187,1.147
5/8/1989,0,11.27,4.1071,1.0565
5/9/1989,6.26,15.495,3.2055,1.0375
5/10/1989,8.19,16.19,2.7978,1.0565
5/11/1989,0,11.49,4.0261,0.9975
5/12/1989,0,10.375,4.1451,0.9323
5/13/1989,0,11.705,4.1989,0.8965
5/14/1989,0.01,13.99,3.8704,0.8818
5/15/1989,11.56,15.33,2.9723,0.9365
5/16/1989,0,14.7,4.5109,0.926
5/17/1989,0,15.92,4.633,0.8544
5/18/1989,0,17.95,4.3641,0.825
5/19/1989,0,21.385,3.511,0.825
5/20/1989,41.41,21.62,3.0569,5.0087
5/21/1989,18.35,19.245,3.6474,9.1546
5/22/1989,2.42,21.12,4.3397,3.2409
5/23/1989,4.5,19.66,4.2979,2.5464
5/24/1989,0,19.56,5.1938,2.2308
5/25/1989,0,23.375,5.0328,1.7825
5/26/1989,0,25.42,3.8251,1.5489
5/27/1989,25.24,22.05,3.1543,1.7194
5/28/1989,0,17.205,5.1301,1.5784
5/29/1989,0,19.08,5.438,1.3132
5/30/1989,0,22.615,5.3672,1.1827
5/31/1989,0,23.835,5.1436,1.0901
6/1/1989,0,24.04,5.4879,1.0144
6/2/1989,14.55,24.115,4.0553,0.9491
6/3/1989,0,22.345,4.3031,1.5258
6/4/1989,0,22.65,3.9993,1.3385
6/5/1989,4.52,22.18,1.993,1.1217
6/6/1989,5.38,19.47,3.0369,1.0522
6/7/1989,0,17.71,5.0341,0.9702
6/8/1989,0,18.87,4.5662,0.9155
6/9/1989,13.09,20.33,3.2253,0.9091
6/10/1989,0,21.075,4.8634,0.9091
6/11/1989,0,20.435,5.1189,0.8565
6/12/1989,13.95,22.49,3.9377,0.926
6/13/1989,30.77,22.845,3.8656,1.631
6/14/1989,19.12,21.845,3.3297,1.9067
6/15/1989,43.03,21,3.2184,6.5871
6/16/1989,2.66,18.78,3.6714,7.3026
6/17/1989,0,17.385,5.1997,3.8302
6/18/1989,0,21.62,5.5784,2.6306
6/19/1989,14.3,21.16,4.1845,2.336
6/20/1989,5.2,21.035,4.2087,2.4833
6/21/1989,13.29,21.545,4.0175,2.1466
6/22/1989,6.64,22.225,4.3083,2.7779
6/23/1989,0,23.555,5.5147,2.2097
6/24/1989,0,24.615,5.3861,1.7804
6/25/1989,0,25.15,5.3758,1.4226
6/26/1989,0,25.775,5.5054,1.2585
6/27/1989,0,25.545,5.3307,1.2059
6/28/1989,16.03,24.585,3.8861,1.4795
6/29/1989,16.74,23.56,2.73,3.1147
6/30/1989,8.42,22.99,3.9495,2.3781
7/1/1989,10.3,23.155,3.3269,2.9673
7/2/1989,33.39,22.525,2.7674,4.4194
7/3/1989,11.43,23.765,3.0538,9.3861
7/4/1989,16.46,23.08,3.9073,7.955
7/5/1989,0,23.56,4.9145,5.0087
7/6/1989,5.02,24.015,4.1452,4.7983
7/7/1989,0,25.015,5.5141,3.725
7/8/1989,35.84,24.54,4.3584,5.3665
7/9/1989,0,26.05,5.8683,3.3461
7/10/1989,0,26.13,5.5051,2.4202
7/11/1989,19.46,25.19,4.1246,3.0305
7/12/1989,12.21,23.94,4.0872,4.3984
7/13/1989,2.92,24.815,4.6138,3.1357
7/14/1989,0,24.125,5.2076,2.357
7/15/1989,0,22.085,5.6673,1.8562
7/16/1989,5.05,22.81,4.3216,1.6394
7/17/1989,8.23,22.335,4.0475,1.5636
7/18/1989,0,22.88,5.4221,1.3511
7/19/1989,14.52,23.735,3.9489,1.3321
7/20/1989,5.57,21.875,4.2333,1.6878
7/21/1989,0,21.015,5.085,1.3932
7/22/1989,0,22.11,5.1607,1.208
7/23/1989,0,23.16,4.9991,1.1259
7/24/1989,9.39,24.54,4.0792,1.0817
7/25/1989,11.95,24.625,4.1821,1.0522
7/26/1989,0,25.88,5.6822,1.0059
7/27/1989,0,25.93,5.629,0.9386
7/28/1989,0,25.73,5.4967,0.8944
7/29/1989,0,25.95,5.492,0.8607
7/30/1989,0,26.395,5.4009,0.8334
7/31/1989,16.31,25.77,4.3071,0.8418
8/1/1989,5.37,25.68,3.9192,1.4037
8/2/1989,6.37,25.695,3.852,1.2017
8/3/1989,0,26.27,4.9886,1.0081
8/4/1989,0,24.7,5.4851,0.886
8/5/1989,0,26.235,5.3098,0.8208
8/6/1989,0,25.935,4.9626,0.7808
8/7/1989,0,22.955,4.5637,0.7702
8/8/1989,0,16.145,4.643,0.745
8/9/1989,0,16.83,4.7618,0.6987
8/10/1989,0,18.675,4.8679,0.6713
8/11/1989,0,20.66,4.8082,0.665
8/12/1989,0,20.95,4.9287,0.6503
8/13/1989,0,20.695,4.8749,0.6356
8/14/1989,0,21.59,4.7849,0.6208
8/15/1989,0,22.375,4.8005,0.6124
8/16/1989,0,22.9,4.7,0.604
8/17/1989,0,23.15,3.9945,0.5998
8/18/1989,2.3,21.535,4.0605,0.665
8/19/1989,0,21.815,4.7053,0.6356
8/20/1989,0,23.755,4.5182,0.6019
8/21/1989,0,25.185,4.7064,0.585
8/22/1989,0,26.005,4.6335,0.5703
8/23/1989,0,26.71,4.5475,0.5619
8/24/1989,0,26.935,4.4571,0.5703
8/25/1989,3.56,25.95,3.5735,0.5619
8/26/1989,6.61,25.715,3.4225,0.5577
8/27/1989,2.34,25.6,4.2706,0.5766
8/28/1989,0,25.675,4.3566,0.7261
8/29/1989,0,26.72,4.3085,0.6271
8/30/1989,0,26.44,3.8998,0.6145
8/31/1989,43.07,24.725,3.1814,1.0817
9/1/1989,0,25.41,4.0572,0.987
9/2/1989,14.82,25.46,3.1161,0.9828
9/3/1989,0,23.33,4.0754,0.9891
9/4/1989,0,22.905,3.9144,0.7576
9/5/1989,0,23.27,3.8366,0.6776
9/6/1989,0,23.555,3.9042,0.6377
9/7/1989,0,23.87,3.7373,0.6124
9/8/1989,0,23.195,3.8748,0.6019
9/9/1989,0,24.21,4.0093,0.5935
9/10/1989,1.55,24.785,3.3356,0.6692
9/11/1989,4.6,23.72,2.2442,0.6629
9/12/1989,0,24.1,3.1215,0.6145
9/13/1989,0,23.965,3.7202,0.6524
9/14/1989,18.76,23.595,2.6918,1.0607
9/15/1989,5.77,20.765,2.3739,1.1217
9/16/1989,11.59,18.185,1.4099,1.0017
9/17/1989,0,17.05,3.0699,0.9197
9/18/1989,0,16.885,3.3544,0.7934
9/19/1989,0,17.67,3.4436,0.7176
9/20/1989,0,17.87,3.4071,0.665
9/21/1989,0,19.155,3.4025,0.6229
9/22/1989,2.39,20.14,2.6608,0.6166
9/23/1989,16.12,16.58,1.9273,0.644
9/24/1989,0,10.39,2.5429,0.6882
9/25/1989,17.96,10.55,1.7301,0.6798
9/26/1989,6.93,14.735,1.7567,0.8208
9/27/1989,0,15.93,2.8619,0.886
9/28/1989,0,16.145,2.5816,0.8355
9/29/1989,11.96,15.85,1.2695,0.8039
9/30/1989,44.44,16.72,1.2441,1.4142
10/1/1989,33.07,19.895,1.5087,3.5356
10/2/1989,10.77,20.26,2.4313,4.1459
10/3/1989,0,19.025,2.9254,2.2939
10/4/1989,0,15.755,2.6848,1.5678
10/5/1989,0,14.075,2.6007,1.2669
10/6/1989,0,17.195,2.7495,1.1301
10/7/1989,0,17.25,2.6884,1.0333
10/8/1989,0,10.92,2.2632,0.9554
10/9/1989,0,10.25,2.19,0.907
10/10/1989,0,12.76,2.2808,0.8692
10/11/1989,0,14.855,2.3702,0.8376
10/12/1989,0,16.585,2.4132,0.8123
10/13/1989,0,17.945,2.4445,0.7892
10/14/1989,0,17.35,2.3648,0.7702
10/15/1989,0,18.305,2.3665,0.7555
10/16/1989,0,18.96,2.2029,0.7492
10/17/1989,44.72,19.92,1.4651,1.1154
10/18/1989,3.19,12.63,1.5742,1.5342
10/19/1989,4.71,4.13,0.9044,1.1533
10/20/1989,2.91,3.32,0.9932,1.0186
10/21/1989,0,6.735,1.5601,0.9386
10/22/1989,0,12.3,1.7925,0.8692
10/23/1989,0,14.87,1.8684,0.8355
10/24/1989,0,15.005,1.8296,0.8081
10/25/1989,0,14.135,1.7573,0.7808
10/26/1989,0,14.325,1.718,0.7618
10/27/1989,0,13.5,1.6331,0.7429
10/28/1989,0,13.78,1.6268,0.7113
10/29/1989,0,13.655,1.5711,0.6987
10/30/1989,0,14.51,1.5676,0.6903
10/31/1989,5.11,13.78,1.2652,0.6903
11/1/1989,0,6.2,1.1389,0.6903
11/2/1989,0,7.515,1.1247,0.6903
11/3/1989,0,5.23,1.0756,0.684
11/4/1989,0,4.23,1.0553,0.6734
11/5/1989,0,8.805,1.1861,0.6692
11/6/1989,22.54,15.84,1.1228,0.7176
11/7/1989,6.56,16.29,1.094,0.8944
11/8/1989,23.2,17.92,1.0865,1.4037
11/9/1989,0.15,10.965,1.1647,2.3781
11/10/1989,0,9.155,1.0954,1.8099
11/11/1989,0,11.785,1.1618,1.389
11/12/1989,0,14.865,1.2191,1.208
11/13/1989,0,14.395,1.1824,1.0964
11/14/1989,20.71,15.665,1.1054,1.2543
11/15/1989,23.56,15.75,1.0498,3.4514
11/16/1989,19.93,10.65,0.9278,6.2083
11/17/1989,0,-1.37,0.6658,4.1879
11/18/1989,0,1.745,0.7455,2.6096
11/19/1989,0,5.75,0.8268,1.9467
11/20/1989,0,9.895,0.9089,1.5973
11/21/1989,0,11.385,0.9652,1.4163
11/22/1989,14.25,6.595,0.7512,1.3216
11/23/1989,23.1,1.78,0.6208,1.5742
11/24/1989,0,-0.38,0.6324,1.652
11/25/1989,0,4.905,0.7405,1.4395
11/26/1989,0,11.075,0.887,1.3321
11/27/1989,1.24,15.32,0.968,1.2459
11/28/1989,0,14.525,0.9787,1.1764
11/29/1989,0,1.805,0.6436,1.0964
11/30/1989,0,-0.065,0.5943,1.0291
12/1/1989,0,2.915,0.6407,0.9807
12/2/1989,0,4.255,0.6521,0.9365
12/3/1989,0,0.685,0.5788,0.9028
12/4/1989,0,-1.825,0.5217,0.8734
12/5/1989,0,5.385,0.633,0.8607
12/6/1989,0,11.135,0.8043,0.8523
12/7/1989,0,9.69,0.7234,0.8418
12/8/1989,8.03,1.305,0.5502,0.8418
12/9/1989,9.27,-1.855,0.4639,0.8649
12/10/1989,0,-1.16,0.4892,0.8649
12/11/1989,0.78,2.215,0.5823,0.8418
12/12/1989,4.01,0.22,0.5353,0.8418
12/13/1989,0,-6.485,0.4222,0.8334
12/14/1989,0,-4.015,0.4605,0.8081
12/15/1989,0,-1.105,0.499,0.8123
12/16/1989,0,-9.76,0.3629,0.8186
12/17/1989,0.01,-9.44,0.3642,0.7913
12/18/1989,0,-5.695,0.4326,0.7829
12/19/1989,8.91,-4.155,0.4513,0.7976
12/20/1989,0,-6.83,0.4125,0.8334
12/21/1989,0,-8.695,0.3845,0.8102
12/22/1989,0,-16.135,0.2784,0.7429
12/23/1989,0,-18.34,0.2421,0.7639
12/24/1989,0,-14.47,0.3017,0.8818
12/25/1989,0,-7.805,0.4012,0.7934
12/26/1989,0,-2.82,0.4915,0.7766
12/27/1989,0,3.195,0.5928,0.7618
12/28/1989,0,3.2,0.5273,0.7597
12/29/1989,0,4.94,0.5939,0.7471
12/30/1989,19.22,11.22,0.7227,0.926
12/31/1989,43.01,8.93,0.7347,6.4818
1/1/1990,0,2.005,0.6006,9.1756
1/2/1990,0,1.38,0.6012,4.1248
1/3/1990,0,4.34,0.6691,2.7779
1/4/1990,23.41,10.455,0.8037,3.0726
1/5/1990,0,7.715,0.7714,4.3774
1/6/1990,0.35,4.335,0.656,3.1988
1/7/1990,0,4.72,0.6867,2.5464
1/8/1990,7.74,5.365,0.6827,2.2097
1/9/1990,0,7.345,0.79,2.0077
1/10/1990,0,6.99,0.7538,1.7804
1/11/1990,0,8.46,0.8117,1.5931
1/12/1990,0,6.9,0.7743,1.4437
1/13/1990,0,-1.3,0.6044,1.3153
1/14/1990,0,1.745,0.6711,1.2185
1/15/1990,0,7.56,0.8488,1.1554
1/16/1990,0,11.375,0.9666,1.1049
1/17/1990,0,13.625,1.0657,1.0838
1/18/1990,14.41,12.965,0.927,1.2964
1/19/1990,3.31,8.51,0.8715,1.3595
1/20/1990,18.79,10.785,0.9377,1.2816
1/21/1990,4.7,7.34,0.8986,2.799
1/22/1990,0,3.83,0.8389,2.9673
1/23/1990,0,6.82,0.9353,2.3991
1/24/1990,0,8.93,0.9907,2.0666
1/25/1990,6.26,8.61,0.8889,1.8625
1/26/1990,0,1.73,0.8404,1.6857
1/27/1990,0,5.295,0.9713,1.5173
1/28/1990,0,8.125,1.067,1.3679
1/29/1990,28.46,6.61,0.9143,1.5784
1/30/1990,0,1.94,0.9214,2.5675
1/31/1990,0,4.07,1.0083,2.4412
2/1/1990,0,8.505,1.166,2.0961
2/2/1990,18.76,15.585,1.1792,2.2097
2/3/1990,51.52,15.1,1.1826,16.4361
2/4/1990,43.54,10.615,1.1615,48.6139
2/5/1990,0,3.52,1.0572,16.2046
2/6/1990,0,6.6,1.2095,5.4927
2/7/1990,1.12,7.675,1.2131,3.8933
2/8/1990,0,8.44,1.3393,3.0726
2/9/1990,0,11.08,1.4343,2.6306
2/10/1990,45.53,10.43,1.2442,11.1749
2/11/1990,0,6.675,1.3512,11.7431
2/12/1990,0,8.78,1.4651,5.3244
2/13/1990,0,12.325,1.6469,3.7881
2/14/1990,0,16.17,1.4449,3.0305
2/15/1990,10.29,17.13,1.0996,2.5675
2/16/1990,17.07,15.165,1.2512,3.8723
2/17/1990,0,6.1,1.4754,4.7141
2/18/1990,0,4.23,1.32,3.1988
2/19/1990,0.01,6.175,1.4177,2.6517
2/20/1990,0,6.27,1.5722,2.3149
2/21/1990,0,6.55,1.6231,2.0287
2/22/1990,6.08,11.555,1.5147,1.9761
2/23/1990,0,10.22,1.7871,1.8877
2/24/1990,0,3.77,1.3293,1.6752
2/25/1990,0,1.025,1.4363,1.4921
2/26/1990,0,0.715,1.3775,1.3827
2/27/1990,0,8.625,1.9114,1.3153
2/28/1990,0,11.64,1.9929,1.2711
3/1/1990,6.6,6.155,1.2718,1.2417
3/2/1990,17.46,4.25,0.8316,1.3553
3/3/1990,10.56,4.34,1.35,1.7888
3/4/1990,0,5.555,1.9487,1.9109
3/5/1990,0,6.66,2.0431,1.7657
3/6/1990,0,10.02,2.2897,1.6541
3/7/1990,0,11.715,2.3578,1.57
3/8/1990,24.29,11.31,1.444,1.9025
3/9/1990,21.21,11.27,1.3538,4.6299
3/10/1990,11.97,16.27,1.8401,5.8715
3/11/1990,0,18.64,2.8267,4.1038
3/12/1990,0,19.9,2.6467,3.1147
3/13/1990,0,17.855,2.8001,2.5464
3/14/1990,0,19.42,2.993,2.2729
3/15/1990,24.31,17.785,2.2126,2.7569
3/16/1990,30.54,11.885,1.4169,10.1226
3/17/1990,3.65,9.755,1.9317,7.8708
3/18/1990,0,8.86,2.5336,4.7351
3/19/1990,0,9.115,2.6511,3.4724
3/20/1990,0,1.71,1.9304,2.7779
3/21/1990,0,3.625,2.3764,2.3781
3/22/1990,0,9.66,2.8735,2.1466
3/23/1990,0,13.365,2.9668,1.9467
3/24/1990,0,11.5,2.6891,1.7888
3/25/1990,0.29,6.405,2.0209,1.671
3/26/1990,0,5.255,1.9662,1.5531
3/27/1990,0,3.51,2.4801,1.4437
3/28/1990,0,8.55,2.8295,1.349
3/29/1990,3.1,12.81,1.7786,1.3195
3/30/1990,6.48,13.895,1.7016,1.3027
3/31/1990,5.66,14.885,2.3364,1.4311
4/1/1990,0,15.545,3.4143,1.3132
4/2/1990,2.99,14.76,2.9341,1.2059
4/3/1990,0,9.305,2.9631,1.1427
4/4/1990,0,6.825,3.0827,1.1112
4/5/1990,0,10.4,3.4671,1.0901
4/6/1990,14.8,10.15,2.7309,1.1175
4/7/1990,0.76,2.665,2.5551,1.189
4/8/1990,0,5.425,3.0439,1.1217
4/9/1990,0,9.38,3.4853,1.0691
4/10/1990,8.74,13.955,3.0341,1.0649
4/11/1990,12.03,10.725,2.5238,1.0985
4/12/1990,0,5.795,2.9938,1.088
4/13/1990,0,7.865,3.2976,1.0522
4/14/1990,0,11.37,3.3066,1.0375
4/15/1990,1.5,12.105,2.74,1.0375
4/16/1990,0,14.595,3.4182,1.0375
4/17/1990,7.36,14.245,3.0185,1.0438
4/18/1990,3.94,9.56,3.1798,1.0943
4/19/1990,0,11.875,3.6864,1.0586
4/20/1990,0,16.445,3.4462,1.027
4/21/1990,41.28,17.35,2.6507,2.7779
4/22/1990,16.3,17.68,3.2982,4.7562
4/23/1990,0,18.885,4.6277,2.8411
4/24/1990,0,20.22,4.7689,2.1466
4/25/1990,0,20.21,4.6239,1.8162
4/26/1990,0,19.165,4.6166,1.6205
4/27/1990,0,19.685,4.4003,1.4563
4/28/1990,17.36,18.275,3.3702,1.3911
4/29/1990,5.86,14.765,3.6213,1.3721
4/30/1990,0,18.985,4.4409,1.2711
5/1/1990,0,20.185,3.7631,1.1975
5/2/1990,15.84,15.465,2.2201,1.4163
5/3/1990,19.02,17.22,2.9165,1.9551
5/4/1990,11.47,21.79,3.2741,1.7004
5/5/1990,20.76,16.88,3.3495,1.8099
5/6/1990,0,9.335,3.65,1.8246
5/7/1990,0,12.415,4.2818,1.57
5/8/1990,0,15.115,4.6271,1.4016
5/9/1990,2.73,17.03,3.5343,1.3132
5/10/1990,5.02,13.11,3.0513,1.2943
5/11/1990,0,10.32,4.0781,1.2122
5/12/1990,0,12.045,3.9126,1.168
5/13/1990,13.62,17.815,3.1591,1.2669
5/14/1990,0,17.28,4.8892,1.1848
5/15/1990,0,19.98,5.0359,1.0901
5/16/1990,0,23.205,4.129,1.0438
5/17/1990,18.62,21.005,3.565,1.1406
5/18/1990,0,16.825,4.8327,1.1996
5/19/1990,0,19.17,4.8168,1.0649
5/20/1990,27.73,20.65,3.0641,1.7152
5/21/1990,21.2,19.695,2.9751,5.9136
5/22/1990,15.18,16.105,3.1685,4.4615
5/23/1990,0,12.045,3.7364,3.1567
5/24/1990,0,15.195,4.3563,2.4623
5/25/1990,0,19.415,5.1238,2.0203
5/26/1990,0,21.64,4.8242,1.7383
5/27/1990,3.81,22,3.9446,1.612
5/28/1990,3.58,21.36,3.5346,1.5321
5/29/1990,0,15.745,4.8855,1.3385
5/30/1990,0,17.66,5.3251,1.189
5/31/1990,0,19.145,5.1833,1.088
6/1/1990,0,21.52,4.8473,1.0186
6/2/1990,0,23.705,4.3943,0.9533
6/3/1990,36.98,23.735,3.439,1.2164
6/4/1990,0,20.315,4.2409,1.2669
6/5/1990,0,16.36,5.1492,1.067
6/6/1990,0,19.6,5.5303,0.9744
6/7/1990,0,24.215,5.7314,0.9218
6/8/1990,0,25.24,5.4464,0.8734
6/9/1990,0,25.93,5.1313,0.8439
6/10/1990,0,24.705,5.1045,0.8123
6/11/1990,0,22.08,5.4569,0.7766
6/12/1990,0,20.595,5.7054,0.7513
6/13/1990,0,22.385,5.6688,0.7324
6/14/1990,0.33,24.29,5.4147,0.7239
6/15/1990,9.42,25.4,3.9439,0.7555
6/16/1990,0,25.605,5.3488,0.8208
6/17/1990,0,26.105,5.5728,0.7534
6/18/1990,0,26.13,5.2707,0.7176
6/19/1990,0.04,23.57,5.852,0.7008
6/20/1990,0,24.715,5.8496,0.6987
6/21/1990,31.88,25.74,4.364,0.907
6/22/1990,14.51,24.695,3.8509,1.0796
6/23/1990,0,21.9,5.0878,1.0249
6/24/1990,0,20.195,5.251,0.8523
6/25/1990,0,20.835,5.1811,0.7639
6/26/1990,0,20.855,5.5158,0.7176
6/27/1990,0,22.61,5.5315,0.6924
6/28/1990,0,23.54,5.7214,0.6734
6/29/1990,0,24.995,5.711,0.6545
6/30/1990,0,25.74,5.6412,0.6398
7/1/1990,0,26.825,5.1694,0.6292
7/2/1990,0,26.62,5.0875,0.6229
7/3/1990,0,23.965,5.898,0.6145
7/4/1990,0,25.01,5.6428,0.5956
7/5/1990,0,25.015,5.725,0.5787
7/6/1990,0,25.885,5.5859,0.5682
7/7/1990,0,26.8,5.3227,0.5661
7/8/1990,0.78,27.53,5.4064,0.5724
7/9/1990,0,28.255,5.314,0.5829
7/10/1990,0,27.425,5.0334,0.5893
7/11/1990,6.11,26.455,3.7332,0.6545
7/12/1990,63.52,24.635,3.2608,1.5594
7/13/1990,10.19,22.6,2.7502,1.7762
7/14/1990,1.55,20.37,3.7047,1.1154
7/15/1990,0,18.68,4.8319,0.8586
7/16/1990,0,20.33,4.8375,0.7597
7/17/1990,0,21.63,5.1005,0.7071
7/18/1990,0,22.94,4.8613,0.6755
7/19/1990,0,23.89,4.9991,0.6524
7/20/1990,0,25.09,4.6585,0.6398
7/21/1990,0,25.09,4.7807,0.6377
7/22/1990,0.13,25.095,4.7637,0.6419
7/23/1990,10.91,24.015,3.4625,0.7113
7/24/1990,0,21.465,4.2374,0.7702
7/25/1990,0,21.37,5.0269,0.6882
7/26/1990,0,22.575,5.2469,0.6356
7/27/1990,0,24.12,5.3495,0.6145
7/28/1990,0,25.08,5.1487,0.5998
7/29/1990,0,24.75,5.3882,0.5893
7/30/1990,0,25.04,5.2637,0.5703
7/31/1990,0,25.015,4.8312,0.5577
8/1/1990,0,23.485,4.7757,0.5493
8/2/1990,0,24.36,4.758,0.543
8/3/1990,0,24.005,5.1614,0.5324
8/4/1990,0,24.875,5.27,0.5282
8/5/1990,8.07,24.885,3.7604,0.5556
8/6/1990,3.55,23.52,4.0042,0.6124
8/7/1990,0,18.74,4.6733,0.5956
8/8/1990,0,19.105,4.5217,0.5535
8/9/1990,0,20.915,4.8726,0.5303
8/10/1990,0,21.605,4.8246,0.5156
8/11/1990,0,22.02,4.9479,0.5072
8/12/1990,0,23.225,5.141,0.4988
8/13/1990,0,23.95,4.8179,0.4882
8/14/1990,0,23.305,4.1712,0.484
8/15/1990,0,23.775,4.7485,0.484
8/16/1990,0,23.925,4.8894,0.4756
8/17/1990,0,26.13,5.0169,0.4609
8/18/1990,0,26.83,5.1358,0.4483
8/19/1990,0,27.925,5.1673,0.4377
8/20/1990,0,27.95,5.0994,0.4272
8/21/1990,2.26,28.345,4.7956,0.4377
8/22/1990,0,26.77,4.6815,0.463
8/23/1990,0,24.48,3.9606,0.4398
8/24/1990,0,23.09,4.3515,0.4356
8/25/1990,0,23.76,4.6225,0.4314
8/26/1990,0,25,4.8254,0.423
8/27/1990,0,26.79,4.8815,0.4146
8/28/1990,0,27.645,4.8872,0.4083
8/29/1990,0,27.92,4.7724,0.3999
8/30/1990,0,27.07,4.4868,0.3935
8/31/1990,0,23.6,4.3943,0.383
9/1/1990,0,24.94,4.3522,0.383
9/2/1990,0,25.83,4.3239,0.3788
9/3/1990,0,26.385,4.3406,0.3788
9/4/1990,0,26.805,4.3255,0.3788
9/5/1990,0,27.375,4.3307,0.3746
9/6/1990,0,27.35,4.3338,0.3704
9/7/1990,0,27.93,4.2915,0.3683
9/8/1990,13.24,27.47,3.2246,0.3788
9/9/1990,4.65,25.66,2.5983,0.4272
9/10/1990,10.92,25.48,2.8125,0.423
9/11/1990,5.78,23.465,2.6628,0.4504
9/12/1990,7.73,24.295,2.6098,0.4735
9/13/1990,11.49,23.44,1.9253,0.4651
9/14/1990,0,23.435,2.4331,0.463
9/15/1990,14.11,22.555,2.6679,0.463
9/16/1990,0,19.605,3.4993,0.4819
9/17/1990,0,18.765,3.3873,0.4567
9/18/1990,0,17.98,3.3435,0.4293
9/19/1990,0,21.145,3.3825,0.4209
9/20/1990,0,24.49,2.8642,0.4188
9/21/1990,0,23.655,2.8524,0.4209
9/22/1990,12.81,22.645,2.2601,0.4419
9/23/1990,0,16.07,2.8748,0.4483
9/24/1990,0,11.515,2.6405,0.4293
9/25/1990,0,13.01,2.7465,0.4251
9/26/1990,0,16.02,2.9525,0.4188
9/27/1990,0,19.22,3.0921,0.4146
9/28/1990,0,20.585,3.1117,0.4083
9/29/1990,0,21.095,3.0678,0.402
9/30/1990,0,20.64,2.8836,0.3935
10/1/1990,0,18.74,2.5335,0.3599
10/2/1990,0,17.295,2.7544,0.3599
10/3/1990,0,19.555,2.8469,0.3599
10/4/1990,37.56,21.34,1.9857,0.4546
10/5/1990,0.06,16.885,2.5946,0.6503
10/6/1990,0,18.24,2.6752,0.5556
10/7/1990,0,19.025,2.5904,0.4714
10/8/1990,16.9,21.375,2.0015,0.5072
10/9/1990,11.68,22.075,1.7396,0.8671
10/10/1990,4.66,16.57,1.9631,0.6566
10/11/1990,0,9.16,1.3003,0.5556
10/12/1990,0,12.175,1.6247,0.5051
10/13/1990,0,12.24,1.8038,0.484
10/14/1990,0,13.515,2.0553,0.4777
10/15/1990,0,14.48,2.0832,0.4672
10/16/1990,0,16.615,2.1398,0.4588
10/17/1990,0,17.665,2.1678,0.4588
10/18/1990,17.47,15.545,1.6789,0.5703
10/19/1990,0,8.2,1.6088,0.7071
10/20/1990,0,10.06,1.7034,0.5977
10/21/1990,0,12.665,1.7815,0.543
10/22/1990,22.26,15.84,1.4398,0.5808
10/23/1990,6.83,11.46,1.119,0.8376
10/24/1990,0,8.83,1.503,0.7745
10/25/1990,0.44,8.845,1.4396,0.6566
10/26/1990,0,6.505,1.3373,0.5935
10/27/1990,0,7.405,1.3883,0.5661
10/28/1990,0,8.73,1.4124,0.543
10/29/1990,0,7.48,1.3258,0.5177
10/30/1990,0,10.3,1.3991,0.5093
10/31/1990,0,12.735,1.4422,0.5051
11/1/1990,0,13.185,1.4291,0.503
11/2/1990,0,13.71,1.4458,0.503
11/3/1990,0,14.005,1.4299,0.4988
11/4/1990,0,16.15,1.4871,0.503
11/5/1990,10.33,14.81,1.2448,0.5261
11/6/1990,1.65,6.125,0.9843,0.5682
11/7/1990,0,6.13,1.0438,0.5893
11/8/1990,0,5.805,0.9797,0.5724
11/9/1990,31.11,6.965,0.7822,0.6503
11/10/1990,39.25,7.095,0.823,1.8499
11/11/1990,0,7.945,1.0245,1.3827
11/12/1990,0,9.93,1.0683,0.9597
11/13/1990,0,10.285,1.0433,0.7681
11/14/1990,0,11.73,1.0548,0.6798
11/15/1990,0,12.57,1.0725,0.6356
11/16/1990,0,12.395,1.0523,0.6145
11/17/1990,0.87,9.455,0.9293,0.6461
11/18/1990,0,6.2,0.8568,0.6629
11/19/1990,0,8.065,0.8861,0.6629
11/20/1990,0,12.175,0.9994,0.6608
11/21/1990,0,14.43,1.0518,0.6503
11/22/1990,3.69,15.345,0.9738,0.644
11/23/1990,8.54,13.395,0.8625,0.6503
11/24/1990,0,10.44,0.8593,0.6734
11/25/1990,0,13.2,0.9504,0.6713
11/26/1990,0,13.505,0.9575,0.6545
11/27/1990,0.83,19.355,0.9674,0.6461
11/28/1990,28.12,15.71,0.9453,0.745
11/29/1990,0,3.78,0.6776,1.1154
11/30/1990,0,2.565,0.6252,0.9975
12/1/1990,0,4.57,0.6678,0.8671
12/2/1990,0.27,8.99,0.7867,0.7745
12/3/1990,56.42,11.075,0.7709,2.3149
12/4/1990,0.13,5.03,0.6737,5.1981
12/5/1990,0,-0.115,0.5596,2.5044
12/6/1990,0,2.67,0.5928,1.7488
12/7/1990,0,3.895,0.6359,1.3869
12/8/1990,0,-0.075,0.5306,1.229
12/9/1990,0,4.235,0.5841,1.1154
12/10/1990,0,6.42,0.5863,1.0291
12/11/1990,0,7.365,0.6085,0.9618
12/12/1990,0,7.645,0.6442,0.9112
12/13/1990,0,9.45,0.7365,0.8586
12/14/1990,9.34,8.66,0.7025,0.8271
12/15/1990,0.74,10.77,0.7653,0.8271
12/16/1990,7.94,8.54,0.6967,0.8144
12/17/1990,15.62,9.5,0.7206,0.8628
12/18/1990,27.2,14.375,0.8186,2.0813
12/19/1990,20.74,8.175,0.6936,4.3563
12/20/1990,0.08,7.86,0.7046,3.1357
12/21/1990,30.85,12.38,0.7584,4.7983
12/22/1990,53.26,12.395,0.7791,17.0464
12/23/1990,16.38,4.515,0.5823,17.299
12/24/1990,2.35,-7.195,0.397,7.1342
12/25/1990,0,-7.305,0.4061,4.1038
12/26/1990,0,-3.5,0.4695,3.0305
12/27/1990,18.19,-0.99,0.5104,2.6096
12/28/1990,14.62,5.115,0.6356,5.0508
12/29/1990,7.88,11.39,0.7626,4.693
12/30/1990,20.01,15.64,0.8815,4.5247
12/31/1990,24.22,4.05,0.5279,12.2692
1/1/1991,0,-1.605,0.5333,6.6292
1/2/1991,0,2.16,0.5932,3.8933
1/3/1991,0,2.515,0.6347,2.9042
1/4/1991,0,-1.405,0.5509,2.4202
1/5/1991,0,3.32,0.6596,2.1466
1/6/1991,6.03,9.58,0.7586,1.8898
1/7/1991,26.13,7.97,0.7528,2.2097
1/8/1991,0,4.57,0.6354,2.7779
1/9/1991,0,5.57,0.6538,2.3781
1/10/1991,7.19,5.89,0.669,2.2097
1/11/1991,13.15,8.5,0.7861,3.725
1/12/1991,3.46,5.585,0.7423,3.746
1/13/1991,0,1,0.6183,2.9673
1/14/1991,0,2.59,0.7228,2.4202
1/15/1991,0,4.11,0.7651,2.1466
1/16/1991,3.53,6.46,0.7926,1.9993
1/17/1991,0,5.52,0.8208,1.852
1/18/1991,0,3.79,0.7961,1.6626
1/19/1991,0,5.19,0.8498,1.5342
1/20/1991,0.64,6.715,0.8712,1.4521
1/21/1991,0,0.59,0.7602,1.3595
1/22/1991,0,-5.26,0.6004,1.2543
1/23/1991,0,-2.175,0.7144,1.1659
1/24/1991,0,2.4,0.8414,1.0838
1/25/1991,0,-0.275,0.7873,1.0354
1/26/1991,0,1.635,0.8638,0.9933
1/27/1991,0,2.775,0.91,0.9639
1/28/1991,0.74,5.67,0.9375,0.9575
1/29/1991,0,7.275,1.0935,0.9512
1/30/1991,4.15,8.545,1.0398,0.9344
1/31/1991,0,0.785,0.925,0.9112
2/1/1991,0,0.515,0.9263,0.8776
2/2/1991,0,3.625,1.0045,0.8755
2/3/1991,0,5.865,1.0948,0.8713
2/4/1991,0,10.32,1.309,0.8649
2/5/1991,11.01,13.445,1.2417,0.8734
2/6/1991,14.2,12.355,0.9477,1.0249
2/7/1991,0,7.905,1.1755,1.0817
2/8/1991,0,3.62,0.8502,1.067
2/9/1991,0,3.07,1.0625,1.0375
2/10/1991,0,7.27,1.3662,1.0207
2/11/1991,0,6.235,1.3341,1.0017
2/12/1991,0,5.905,1.3514,0.9723
2/13/1991,24.56,9.635,1.3136,1.2901
2/14/1991,19.15,7.56,1.2032,4.4194
2/15/1991,0.05,-2.115,1.0693,4.0406
2/16/1991,0,-7.44,0.8666,2.7358
2/17/1991,24.56,1.145,1.075,3.767
2/18/1991,76.99,10.46,1.308,28.4107
2/19/1991,66.97,12.9,1.1373,50.9288
2/20/1991,10.31,7.125,1.2641,37.8809
2/21/1991,0,5.755,1.441,8.9652
2/22/1991,0.02,8.07,1.5353,5.135
2/23/1991,0,7.575,1.6276,3.8723
2/24/1991,0,6.305,1.6302,3.1778
2/25/1991,0,7.21,1.6779,2.6096
2/26/1991,0,-0.485,1.2743,2.3149
2/27/1991,0,2.345,1.5464,2.0603
2/28/1991,0,5.625,1.7975,1.8351
3/1/1991,3.35,9.34,1.925,1.7867
3/2/1991,5.4,14.74,1.6566,2.3781
3/3/1991,7.08,10.585,1.88,2.3991
3/4/1991,0,2.795,1.2626,2.4412
3/5/1991,0,5.135,1.8741,2.2939
3/6/1991,0,11.39,2.2985,2.1255
3/7/1991,0,10.75,2.3646,1.9614
3/8/1991,0,5.53,1.63,1.7909
3/9/1991,0,3.94,1.9608,1.6478
3/10/1991,0,4.505,2.0584,1.5258
3/11/1991,0,6.565,2.1742,1.4374
3/12/1991,1.4,10.57,2.2715,1.3932
3/13/1991,8.81,11.63,1.5104,1.3974
3/14/1991,0,6.545,1.6685,1.3511
3/15/1991,0,4.725,1.4793,1.2627
3/16/1991,0,7.945,2.2998,1.1954
3/17/1991,3.74,11.18,2.3768,1.1533
3/18/1991,11.24,9.59,1.6484,1.2059
3/19/1991,0,6.76,2.5272,1.1996
3/20/1991,0,11.07,2.8882,1.1343
3/21/1991,0,15.67,3.0673,1.0943
3/22/1991,15.06,20.06,2.5257,1.1364
3/23/1991,39.7,19.58,2.485,9.3229
3/24/1991,0,14.13,3.2167,6.6292
3/25/1991,0,12.66,3.2024,3.6197
3/26/1991,0,15.835,3.4618,2.7148
3/27/1991,0,21.365,3.0902,2.2939
3/28/1991,12.39,14.565,2.6344,2.1255
3/29/1991,41.26,9.795,1.9032,3.8933
3/30/1991,11.7,4.515,1.8901,11.4905
3/31/1991,0,4.485,2.6255,6.3766
4/1/1991,0,8.755,3.1127,4.1038
4/2/1991,0,12.685,3.4744,3.1567
4/3/1991,0,14.1,3.5431,2.5885
4/4/1991,0.85,16.3,3.025,2.2308
4/5/1991,6.64,16.635,2.5599,2.0582
4/6/1991,0,17.505,3.8796,1.8688
4/7/1991,0,19.075,3.9024,1.7025
4/8/1991,10.35,19.56,2.937,1.6394
4/9/1991,5.11,19.485,2.5404,1.711
4/10/1991,3.97,13.405,3.0736,1.6373
4/11/1991,0,13.44,3.7419,1.5342
4/12/1991,13.62,15.085,2.6869,1.57
4/13/1991,10.71,17.165,2.2087,1.6752
4/14/1991,41.18,18.26,2.1128,2.9884
4/15/1991,31.64,18.365,2.6203,9.9964
4/16/1991,0,15.27,4.1354,8.0813
4/17/1991,0,17.43,4.329,4.4194
4/18/1991,0,17.335,4.233,3.262
4/19/1991,13.96,17.885,2.7585,2.9042
4/20/1991,2.64,15.865,3.1594,4.1879
4/21/1991,0,11.415,2.7701,3.283
4/22/1991,0,10.6,3.1454,2.6096
4/23/1991,0,12.39,3.6684,2.2729
4/24/1991,0,13.75,3.8978,1.9803
4/25/1991,0,16.07,4.3381,1.7657
4/26/1991,0,18.685,3.8162,1.6205
4/27/1991,1.44,19.745,3.0547,1.5384
4/28/1991,23.15,18.93,2.4547,1.7762
4/29/1991,38.93,17.99,2.3062,7.492
4/30/1991,0,17.42,3.3862,10.0384
5/1/1991,0,19.095,4.4232,5.3244
5/2/1991,0,14.98,4.6342,3.4935
5/3/1991,0,15.355,4.666,2.7358
5/4/1991,8.43,17.585,3.4516,2.4623
5/5/1991,24.51,19.535,2.383,3.3882
5/6/1991,16,15.04,3.1531,4.0827
5/7/1991,0,13.505,4.5963,3.0515
5/8/1991,0,15.805,4.4941,2.4623
5/9/1991,11.3,17.925,3.4112,2.9042
5/10/1991,7.49,20.945,3.1099,3.0094
5/11/1991,28.39,19.91,2.5285,4.2721
5/12/1991,14.54,20.36,2.5415,7.7445
5/13/1991,26.89,20.26,2.9393,7.008
5/14/1991,17.5,21.38,3.595,5.0297
5/15/1991,0,22.655,5.1692,3.5356
5/16/1991,0,23.17,5.1972,2.7358
5/17/1991,0,23.665,5.2218,2.2729
5/18/1991,22.7,23.835,4.0233,3.2199
5/19/1991,18.73,23.875,3.7943,4.7562
5/20/1991,5.59,22.86,3.6441,4.4405
5/21/1991,0,22.445,4.3958,3.2409
5/22/1991,0,22.16,4.1288,2.357
5/23/1991,0,23.135,4.6211,2.0035
5/24/1991,0,23.875,4.9329,1.7825
5/25/1991,0,23.915,3.8523,1.732
5/26/1991,97.43,23.32,2.7127,22.3077
5/27/1991,100.35,22.41,2.665,159.5208
5/28/1991,13.92,24.27,3.5291,51.7706
5/29/1991,10,24.585,3.8949,9.4702
5/30/1991,0,24.96,5.3491,5.156
5/31/1991,0,25.025,5.1994,3.7039
6/1/1991,0,25.32,5.4273,2.9884
6/2/1991,19.8,24.79,4.3464,2.799
6/3/1991,0,24.91,5.9343,2.336
6/4/1991,6.85,25.645,4.4856,2.0771
6/5/1991,21.99,23.22,4.3548,2.4202
6/6/1991,0,21.3,5.2574,2.2097
6/7/1991,0,20.175,5.5102,1.8309
6/8/1991,0,19.995,5.5818,1.6499
6/9/1991,0,21.19,5.5475,1.4963
6/10/1991,0,21.325,5.6681,1.389
6/11/1991,7.27,22.015,4.0466,1.3279
6/12/1991,3.65,23.075,3.3885,1.33
6/13/1991,1.52,24.25,4.7696,1.2774
6/14/1991,11.14,25.275,4.1665,1.3048
6/15/1991,0,25.42,5.3129,1.2753
6/16/1991,9.64,25.505,3.8975,1.309
6/17/1991,0,24.225,5.1884,1.1975
6/18/1991,0,22.425,5.8804,1.1007
6/19/1991,0,23.725,5.867,1.048
6/20/1991,0,24.555,5.8127,1.0165
6/21/1991,14.07,25.255,4.7044,1.0186
6/22/1991,27.71,23.86,4.2922,1.2501
6/23/1991,12.93,23.34,4.1343,1.4879
6/24/1991,20.71,23.555,4.0711,1.9151
6/25/1991,5.4,24.01,3.6648,2.0666
6/26/1991,0,20.585,3.742,1.6647
6/27/1991,0,20.2,4.7247,1.3784
6/28/1991,0,23.175,5.0726,1.2438
6/29/1991,0,23.72,5.6635,1.1575
6/30/1991,0,24.255,5.6405,1.0964
7/1/1991,0,26.45,5.7546,1.0396
7/2/1991,0,26.9,5.8041,0.9849
7/3/1991,4.04,25.52,5.1174,1.1975
7/4/1991,2.37,25.41,4.9706,1.0375
7/5/1991,0,25.18,5.1638,1.0501
7/6/1991,0,25.155,5.5683,0.9554
7/7/1991,0,25.82,5.4816,0.9176
7/8/1991,0,25.38,5.611,0.8986
7/9/1991,18.72,25.465,4.4666,0.9091
7/10/1991,0,25.985,5.5544,0.9176
7/11/1991,8.18,26.16,4.3655,0.9028
7/12/1991,0,27.05,5.4094,0.8734
7/13/1991,5.2,26.435,4.6262,0.8292
7/14/1991,0,25.32,5.4012,0.7997
7/15/1991,0,23.435,5.3952,0.7745
7/16/1991,0,24.3,5.3118,0.7492
7/17/1991,1.32,24.16,4.854,0.7618
7/18/1991,0,24.64,4.9765,0.7597
7/19/1991,12.57,25.065,4.1087,0.7934
7/20/1991,0,25.91,5.5142,0.7576
7/21/1991,0,26.375,5.4448,0.7197
7/22/1991,0,26.455,5.7634,0.6882
7/23/1991,0,27.18,5.7348,0.6692
7/24/1991,1.3,27.585,5.3481,0.7134
7/25/1991,24.8,25.925,3.7939,0.8229
7/26/1991,1.24,24.06,4.3683,0.8439
7/27/1991,1.13,23.115,4.4627,0.7829
7/28/1991,0,23.79,5.0361,0.7408
7/29/1991,0,24.01,5.0008,0.7071
7/30/1991,0,24.38,4.6561,0.6882
7/31/1991,0,22.075,5.2519,0.6671
8/1/1991,0,23.475,5.4715,0.6398
8/2/1991,0,24.495,5.5953,0.6187
8/3/1991,0,25.825,5.2422,0.6061
8/4/1991,0,25.865,5.0895,0.5998
8/5/1991,7.87,26.155,4.2947,0.5935
8/6/1991,0,26.64,5.2187,0.6692
8/7/1991,0,26.99,5.0844,0.6671
8/8/1991,4.52,27.07,4.4756,0.6271
8/9/1991,7.86,26.655,3.3801,0.6145
8/10/1991,32.68,24.505,3.1506,1.0291
8/11/1991,0,23.135,4.22,1.1175
8/12/1991,0,22.63,4.8224,0.8544
8/13/1991,0,21.705,4.771,0.745
8/14/1991,0,21.92,4.5377,0.7029
8/15/1991,0,21.84,4.7945,0.684
8/16/1991,0,23.12,4.9376,0.6524
8/17/1991,0,23.98,4.5877,0.644
8/18/1991,10.31,25.04,3.4533,0.6755
8/19/1991,0,22.47,4.595,0.705
8/20/1991,0,20.135,4.564,0.6587
8/21/1991,0,19.07,4.1859,0.6292
8/22/1991,0,20.37,4.4551,0.6166
8/23/1991,0,22.375,4.6754,0.604
8/24/1991,0,23.265,4.5437,0.585
8/25/1991,0,23.41,4.1767,0.5766
8/26/1991,4.41,23.675,2.6238,0.5829
8/27/1991,4.25,25.75,2.9701,0.625
8/28/1991,0,25.96,3.4057,0.6229
8/29/1991,18.05,24.615,2.9142,0.665
8/30/1991,30.31,24.34,2.7695,1.1154
8/31/1991,0,25.28,3.8261,0.8713
9/1/1991,0,26.135,4.1356,0.7387
9/2/1991,0,25.275,4.0029,0.6692
9/3/1991,0,24.745,3.8627,0.6292
9/4/1991,0,23.73,3.6396,0.604
9/5/1991,0,23.675,3.8797,0.5935
9/6/1991,0,24.44,3.8655,0.585
9/7/1991,0,24.365,4.0132,0.564
9/8/1991,0,24.78,3.9216,0.5472
9/9/1991,5.92,24.435,2.8892,0.5388
9/10/1991,3.16,24.455,2.7466,0.6503
9/11/1991,0,25.295,3.8396,0.644
9/12/1991,0,26.2,3.9665,0.5935
9/13/1991,0,26.195,3.9173,0.5724
9/14/1991,0,26.52,4.027,0.5472
9/15/1991,0,26.57,3.9918,0.5345
9/16/1991,0,26.56,3.9034,0.5198
9/17/1991,0,25.5,3.7958,0.5114
9/18/1991,7.41,25.27,3.0559,0.5051
9/19/1991,6.54,20.69,2.9678,0.524
9/20/1991,0,11.775,2.8312,0.5324
9/21/1991,0,12.165,2.9233,0.5072
9/22/1991,0,14.95,3.0935,0.503
9/23/1991,0,19.43,3.0607,0.503
9/24/1991,11.3,18.635,1.7233,0.5135
9/25/1991,23.25,16.13,2.1384,0.6103
9/26/1991,0,13.65,2.7511,0.7345
9/27/1991,0,12.135,2.7313,0.6335
9/28/1991,0,13.905,2.8204,0.5724
9/29/1991,0,16.985,2.9703,0.5472
9/30/1991,0,18,2.9714,0.5324
10/1/1991,0,18.1,2.9174,0.4946
10/2/1991,0,18.23,2.833,0.484
10/3/1991,0,19.655,2.838,0.4819
10/4/1991,0,20.875,2.7339,0.4714
10/5/1991,10.33,19.33,2.1859,0.4735
10/6/1991,15.32,10.165,1.8188,0.5219
10/7/1991,0,6.75,1.9411,0.5366
10/8/1991,0,8.75,2.0606,0.5324
10/9/1991,0,10.915,2.1506,0.5198
10/10/1991,0.1,13.18,2.1946,0.5198
10/11/1991,3.6,13.41,1.908,0.5198
10/12/1991,0,14.52,2.1968,0.5198
10/13/1991,0,13.27,2.0679,0.524
10/14/1991,0,12.815,1.95,0.5198
10/15/1991,13.88,12.24,1.3928,0.5261
10/16/1991,0,8.11,1.7163,0.5535
10/17/1991,0,8.97,1.7361,0.5598
10/18/1991,0,12.14,1.8385,0.5598
10/19/1991,0,13.6,1.8735,0.5577
10/20/1991,0,11.215,1.6718,0.5535
10/21/1991,0,13.215,1.7556,0.5409
10/22/1991,0,15.155,1.8083,0.5303
10/23/1991,17.26,17.285,1.2909,0.5724
10/24/1991,30.87,18.605,1.0785,0.6861
10/25/1991,23.38,19.605,1.2651,1.9593
10/26/1991,0.51,20.455,1.5339,1.5216
10/27/1991,3.32,21.17,1.3183,1.1512
10/28/1991,3.87,20.85,1.6891,1.229
10/29/1991,0,20.325,1.6359,0.9744
10/30/1991,0,18.775,1.4014,0.8418
10/31/1991,0,16.55,1.4556,0.7639
11/1/1991,11.08,14.79,1.3382,0.7471
11/2/1991,0,6.92,1.1575,0.7745
11/3/1991,0,2.225,0.8939,0.7471
11/4/1991,0,-2.9,0.7996,0.6945
11/5/1991,0,-2.5,0.8192,0.6629
11/6/1991,0,1.845,0.9535,0.6461
11/7/1991,0,5.04,1.0311,0.6377
11/8/1991,0,3.64,0.9429,0.6313
11/9/1991,0,-0.545,0.818,0.6187
11/10/1991,0,1.625,0.8863,0.6103
11/11/1991,0,2.895,0.8993,0.6061
11/12/1991,0,3.31,0.9023,0.6019
11/13/1991,0,4.295,0.91,0.5977
11/14/1991,0,8.345,1.0075,0.5935
11/15/1991,0,10.785,1.0685,0.5914
11/16/1991,0,14.51,1.1875,0.5914
11/17/1991,0,15.215,1.2025,0.5914
11/18/1991,0,16.465,1.2198,0.5914
11/19/1991,0.11,17.41,1.1026,0.5914
11/20/1991,27.19,17.87,0.8847,0.6419
11/21/1991,5.24,14.25,0.9485,0.8944
11/22/1991,11.37,10.72,0.7271,0.9428
11/23/1991,0,6.69,0.8153,0.9512
11/24/1991,0,2.34,0.7135,0.8713
11/25/1991,0,0.56,0.6582,0.7997
11/26/1991,0,0.935,0.6517,0.7871
11/27/1991,0,4.69,0.7227,0.7702
11/28/1991,0,10.1,0.8732,0.7745
11/29/1991,0,13.82,0.9766,0.7724
11/30/1991,31.68,15.76,0.9543,1.0459
12/1/1991,95.55,12.435,0.8486,19.3193
12/2/1991,55.45,10.835,0.7945,35.1451
12/3/1991,53.65,9.11,0.7517,53.6646
12/4/1991,0,-0.94,0.5483,16.5834
12/5/1991,0,-0.585,0.5582,5.0297
12/6/1991,0,4.15,0.6356,3.4303
12/7/1991,0,7.73,0.7023,2.6306
12/8/1991,0,10.7,0.8121,2.1676
12/9/1991,33.92,13.275,0.7923,2.7148
12/10/1991,16.62,6.385,0.6579,6.5029
12/11/1991,0,6.365,0.6616,4.5036
12/12/1991,0,11.02,0.7873,3.1778
12/13/1991,32.7,14.425,0.7944,3.2199
12/14/1991,14.59,11.02,0.7711,5.5769
12/15/1991,0,1.43,0.5294,4.1879
12/16/1991,0,1.385,0.5267,3.0726
12/17/1991,0,4.47,0.5741,2.4833
12/18/1991,0,3.33,0.5693,2.0835
12/19/1991,0,0.065,0.5236,1.8078
12/20/1991,0,3.04,0.5992,1.6226
12/21/1991,5.35,7.15,0.6489,1.4942
12/22/1991,4.23,8.84,0.6576,1.4163
12/23/1991,15.46,12.93,0.7989,1.4479
12/24/1991,10.36,7.89,0.6777,1.7867
12/25/1991,0,2.625,0.5858,1.8414
12/26/1991,0,4.725,0.5999,1.6478
12/27/1991,0,7.045,0.6994,1.5068
12/28/1991,8.63,7.54,0.6799,1.4521
12/29/1991,3,5.725,0.6285,1.4774
12/30/1991,0,3.73,0.6063,1.4311
12/31/1991,0,4.1,0.6483,1.349
1/1/1992,0,4.855,0.6543,1.2858
1/2/1992,4.46,5.91,0.679,1.2438
1/3/1992,9.62,7.35,0.6385,1.3574
1/4/1992,0,5.125,0.6245,1.3805
1/5/1992,0,4.58,0.6157,1.3216
1/6/1992,0,3.675,0.6705,1.2711
1/7/1992,0,4.73,0.6766,1.2227
1/8/1992,1.97,5.37,0.715,1.2038
1/9/1992,11.41,8.27,0.7497,1.2922
1/10/1992,0,3.39,0.6904,1.2774
1/11/1992,0,-1.29,0.5898,1.208
1/12/1992,14.81,1.86,0.6401,1.1806
1/13/1992,9.44,7.205,0.7468,1.2795
1/14/1992,18.65,4.12,0.7091,2.0813
1/15/1992,0,-3.775,0.569,2.9042
1/16/1992,0,-5.695,0.5476,2.1676
1/17/1992,0,-3.8,0.5873,1.8562
1/18/1992,0,-0.02,0.6516,1.6815
1/19/1992,0,-3.695,0.6064,1.5216
1/20/1992,0,-0.23,0.7123,1.3911
1/21/1992,0,3.64,0.8181,1.3174
1/22/1992,0,4.965,0.8602,1.269
1/23/1992,9.39,7.615,0.8605,1.2816
1/24/1992,0,2.59,0.8165,1.2858
1/25/1992,0,3.49,0.8847,1.2059
1/26/1992,0,5.205,0.9378,1.1322
1/27/1992,0,5.52,0.9723,1.0775
1/28/1992,0,6.775,1.0259,1.0501
1/29/1992,0,7.925,1.0997,1.0333
1/30/1992,0,7.015,1.0921,1.0081
1/31/1992,0,7.735,1.1289,0.9702
2/1/1992,0,5.76,1.0824,0.966
2/2/1992,0,4.2,1.0552,0.947
2/3/1992,0,7.455,1.1644,0.9281
2/4/1992,0,9.375,1.2592,0.9112
2/5/1992,0,9.01,1.2726,0.9028
2/6/1992,0,4.255,1.0891,0.8839
2/7/1992,0,3.52,1.1112,0.8502
2/8/1992,0,0.315,0.9579,0.8313
2/9/1992,0,-2.535,0.9051,0.8102
2/10/1992,0,0.905,1.0881,0.7913
2/11/1992,0,5.19,1.2709,0.7829
2/12/1992,1.12,9.56,1.3038,0.7808
2/13/1992,3.09,9.97,1.1035,0.7808
2/14/1992,5.46,10.575,1.0942,0.7934
2/15/1992,13.19,13.2,1.325,0.9091
2/16/1992,0,8.875,1.5711,0.9597
2/17/1992,21.54,7.64,1.249,0.9554
2/18/1992,10.27,11.25,1.2951,1.2522
2/19/1992,0,9.595,1.6621,1.349
2/20/1992,0,4.65,1.4561,1.3006
2/21/1992,0,7.37,1.6621,1.2122
2/22/1992,0,8.83,1.7533,1.1448
2/23/1992,28.18,11.735,1.5212,1.6562
2/24/1992,15.7,12.625,1.23,3.3251
2/25/1992,2.68,10.315,1.482,2.8832
2/26/1992,22.13,5.705,1.2123,3.8723
2/27/1992,0,1.915,1.3254,5.4506
2/28/1992,0,8.13,1.9157,3.5987
2/29/1992,0,9,1.9806,2.6938
3/1/1992,0,8.6,1.9977,2.1676
3/2/1992,0,11.295,2.2089,1.8499
3/3/1992,0,13.89,2.3928,1.6689
3/4/1992,0,16.255,2.4114,1.5216
3/5/1992,0,17.18,2.2013,1.3995
3/6/1992,0,16.045,2.0723,1.3385
3/7/1992,0,16.52,2.435,1.2522
3/8/1992,0,15.065,2.6278,1.1638
3/9/1992,0,16.635,2.6621,1.2459
3/10/1992,70.25,12.05,2.0355,25.8853
3/11/1992,2.89,0.51,1.6476,18.1197
3/12/1992,0,0.835,1.7512,5.5769
3/13/1992,0,2.78,1.7919,3.7881
3/14/1992,0,3.785,2.0033,2.82
3/15/1992,0,5.28,2.1222,2.2939
3/16/1992,0,3.74,2.2246,1.9488
3/17/1992,0,8.5,2.5347,1.711
3/18/1992,19.31,15.08,1.9251,2.0435
3/19/1992,15.32,11.775,1.89,3.8512
3/20/1992,0,5.955,2.1693,3.262
3/21/1992,0,4.69,2.3091,2.6096
3/22/1992,5.23,7.1,1.9465,2.2939
3/23/1992,10.45,4.68,1.6732,2.2939
3/24/1992,0,4.55,2.4707,2.1676
3/25/1992,3.37,8.22,2.0901,1.9172
3/26/1992,2.77,9.355,2.2491,1.7888
3/27/1992,0,8.785,2.7113,1.6815
3/28/1992,0,6.04,2.6532,1.5868
3/29/1992,0,10.115,2.5887,1.4963
3/30/1992,6.5,10.79,1.9953,1.53
3/31/1992,1.05,10.36,2.5508,1.5552
4/1/1992,0,7.835,2.5653,1.4268
4/2/1992,0,2.505,2.3191,1.3427
4/3/1992,0,2.195,2.5556,1.2711
4/4/1992,0,7.005,3.0377,1.2269
4/5/1992,0,8.15,3.2115,1.1806
4/6/1992,0,9.585,3.1444,1.1343
4/7/1992,6.27,12.55,2.1741,1.1196
4/8/1992,0,13.195,3.6046,1.1175
4/9/1992,0,15.395,3.9028,1.0796
4/10/1992,0,16.395,4.0307,1.048
4/11/1992,0,18.055,4.1331,1.0165
4/12/1992,0,17.92,4.003,0.9891
4/13/1992,0,15.67,3.8631,0.9639
4/14/1992,0,17.845,4.272,0.9407
4/15/1992,0.59,19.915,4.2037,0.9302
4/16/1992,10.02,19.78,3.3231,1.0586
4/17/1992,0,20.81,3.9968,1.0522
4/18/1992,0,20.02,4.1902,0.9828
4/19/1992,2.01,20.515,3.3883,0.9702
4/20/1992,15.5,18.8,2.1077,1.1112
4/21/1992,13.66,15.99,2.1963,1.4647
4/22/1992,0,15.01,3.9822,1.5258
4/23/1992,0,17.115,4.5411,1.3616
4/24/1992,0,20.165,4.5938,1.2438
4/25/1992,0,16.56,4.4236,1.1638
4/26/1992,0,9.025,2.9763,1.0943
4/27/1992,0,7.195,2.4228,1.0522
4/28/1992,0.45,7.3,3.3281,1.0144
4/29/1992,0,9.23,3.8828,0.9807
4/30/1992,0.15,13.405,4.3408,0.9491
5/1/1992,0,18.44,4.6737,0.9218
5/2/1992,0,19.73,4.7132,0.8902
5/3/1992,0,20.45,4.2744,0.8628
5/4/1992,0,15.15,4.6158,0.8334
5/5/1992,0,12.88,4.471,0.8081
5/6/1992,0,10.325,3.7138,0.7976
5/7/1992,0,10.21,3.7349,0.785
5/8/1992,0,11.925,4.0851,0.7724
5/9/1992,0,13.445,4.4926,0.7618
5/10/1992,0,16.8,4.698,0.7513
5/11/1992,0,17.77,4.9405,0.7387
5/12/1992,0,19.31,4.9211,0.7366
5/13/1992,38.69,18.97,3.3587,1.3511
5/14/1992,0,17.825,4.7238,1.3742
5/15/1992,0,19.69,4.8643,1.0186
5/16/1992,0,21.37,4.8092,0.8776
5/17/1992,0,20.945,4.3036,0.8229
5/18/1992,0,22.425,4.5424,0.7871
5/19/1992,0.26,22.52,4.4845,0.9134
5/20/1992,16.07,23.005,3.734,0.8839
5/21/1992,5.79,22.4,3.3694,0.8165
5/22/1992,0,19.99,4.3272,0.9407
5/23/1992,0,20.08,4.9346,0.8292
5/24/1992,0,19.205,4.4798,0.7471
5/25/1992,0,15.85,3.3701,0.7345
5/26/1992,0,17.115,3.5905,0.7345
5/27/1992,0,14.525,3.5568,0.7324
5/28/1992,0,14.94,3.2828,0.7176
5/29/1992,14.4,15.265,2.2583,0.7239
5/30/1992,14.08,15.39,2.9811,0.8839
5/31/1992,0,15.26,4.682,0.9049
6/1/1992,0,16.395,4.656,0.7618
6/2/1992,0,17.89,4.6339,0.7218
6/3/1992,17.28,18.775,3.1652,0.8481
6/4/1992,44.26,18.08,2.3205,1.6836
6/5/1992,9.96,18.91,3.4431,2.1045
6/6/1992,0,20.58,5.1919,2.5885
6/7/1992,22.38,22.455,3.591,2.2518
6/8/1992,0,23.115,4.2096,1.9467
6/9/1992,10.73,23.165,3.257,1.8204
6/10/1992,0,22.265,5.0445,1.6415
6/11/1992,3.69,22.725,4.1275,1.5152
6/12/1992,20.73,22.38,3.6798,1.4311
6/13/1992,0,21.105,3.5765,1.389
6/14/1992,0,21.565,4.0699,1.2837
6/15/1992,0,22.76,5.3936,1.189
6/16/1992,0,24.195,5.8957,1.1364
6/17/1992,0,25.08,5.7553,0.907
6/18/1992,0,25.17,5.3861,0.8523
6/19/1992,29,22.915,4.5994,0.9807
6/20/1992,0,23.38,5.7423,0.9618
6/21/1992,0,21.14,5.5905,1.5847
6/22/1992,0,16.225,5.4301,1.0733
6/23/1992,0,17.375,5.4838,0.8734
6/24/1992,0,19.95,5.7875,0.7934
6/25/1992,0,23.67,5.8175,0.7555
6/26/1992,26.48,24.015,3.9043,1.5763
6/27/1992,12.68,19.715,3.872,3.7881
6/28/1992,0,19.19,5.4696,1.9951
6/29/1992,0,21.01,5.69,1.3932
6/30/1992,0,22.015,4.7523,1.1364
7/1/1992,6.39,23.19,2.991,1.1448
7/2/1992,1.04,25.3,4.6399,1.0565
7/3/1992,28.55,25.29,3.9902,1.0859
7/4/1992,4.37,23.84,4.6571,1.6078
7/5/1992,19.82,23.455,3.5729,1.9551
7/6/1992,11.5,24.105,3.9361,3.5987
7/7/1992,0,24.965,5.3572,2.6306
7/8/1992,0,25.43,5.6544,1.8751
7/9/1992,0,25.475,5.5956,1.4816
7/10/1992,0,25.865,5.4796,1.229
7/11/1992,0,26.19,5.4406,1.0859
7/12/1992,0,25.95,5.5466,0.987
7/13/1992,0,25.745,5.7209,0.9049
7/14/1992,0,26.075,5.1347,0.8439
7/15/1992,6.61,25.555,3.175,0.8692
7/16/1992,4.81,24.145,3.6615,0.9155
7/17/1992,10.68,23.895,3.1372,0.8628
7/18/1992,0,22.815,4.9861,0.806
7/19/1992,0,23.53,5.3425,0.7534
7/20/1992,0,23.95,5.4585,0.7113
7/21/1992,0,24.36,5.2947,0.7239
7/22/1992,9.94,24.31,3.7036,0.8313
7/23/1992,2.54,25.47,4.2233,0.8797
7/24/1992,1.33,25.375,4.6133,0.8502
7/25/1992,0,25.88,4.8174,0.8123
7/26/1992,0,25.205,4.9876,0.8734
7/27/1992,0,25.43,4.8205,0.7829
7/28/1992,1.18,23.315,4.8429,0.7197
7/29/1992,0,22.96,5.0024,0.684
7/30/1992,0,22.875,4.8639,0.6755
7/31/1992,8.9,25.105,3.5003,0.7618
8/1/1992,6.1,22.09,4.0291,0.8165
8/2/1992,0,20.765,5.0553,0.7261
8/3/1992,0,20.97,4.9356,0.6734
8/4/1992,0,22.465,4.4199,0.6798
8/5/1992,0,22.69,3.9843,0.7092
8/6/1992,2.11,22.78,3.1347,0.6713
8/7/1992,2.46,23.78,3.4184,0.6692
8/8/1992,0,25.48,4.7887,0.6524
8/9/1992,0,25.275,4.7655,0.6313
8/10/1992,3.13,25.38,4.857,0.625
8/11/1992,0,25.13,5.0093,0.6271
8/12/1992,0,24.3,4.5564,0.6587
8/13/1992,0,23.645,4.1186,0.6713
8/14/1992,2.21,21.04,4.5229,0.6187
8/15/1992,2.46,18.79,3.8017,0.6061
8/16/1992,0,17.65,4.3773,0.7218
8/17/1992,0,18.615,4.4331,0.6271
8/18/1992,0,19.67,4.6515,0.5956
8/19/1992,0,20.1,4.6192,0.5745
8/20/1992,0,21.545,4.4511,0.5661
8/21/1992,0,21.585,4.0065,0.5556
8/22/1992,0,22.63,4.4476,0.5514
8/23/1992,0,22.925,3.9205,0.5598
8/24/1992,20.36,23.22,3.3131,0.5935
8/25/1992,5.74,24.81,3.9589,0.6924
8/26/1992,0,25.08,4.3598,0.7597
8/27/1992,5.26,24.655,3.5768,0.7197
8/28/1992,58.95,18.21,3.0015,3.0726
8/29/1992,0,16.97,4.1321,2.1466
8/30/1992,0,17.76,4.2221,1.2964
8/31/1992,0,19.575,4.3941,1.0291
9/1/1992,0,21.665,4.2785,0.8986
9/2/1992,0,21.55,4.001,0.9554
9/3/1992,50.47,21.095,2.655,9.1546
9/4/1992,33.86,20.995,2.0395,7.0711
9/5/1992,0,22.28,3.5263,3.0936
9/6/1992,0,23.37,3.791,2.2308
9/7/1992,0,23.45,3.967,1.812
9/8/1992,0,23.805,4.1099,1.4163
9/9/1992,0,24.21,4.0168,1.1911
9/10/1992,0,23.885,3.727,1.0544
9/11/1992,0,18.48,3.8058,0.9428
9/12/1992,0,17.025,3.6704,0.8523
9/13/1992,0,18.66,3.6902,0.7934
9/14/1992,0,21.13,3.7549,0.7534
9/15/1992,0,20.02,3.6045,0.7197
9/16/1992,0,20.415,3.6294,0.6882
9/17/1992,0,20.265,3.3701,0.684
9/18/1992,46.88,22.015,2.5175,1.9088
9/19/1992,0.02,22.83,2.9348,2.5044
9/20/1992,0,21.755,2.9059,1.6163
9/21/1992,3.66,23.12,2.788,1.2522
9/22/1992,45.38,22.64,2.2031,1.7615
9/23/1992,12.84,16.22,2.2866,2.9252
9/24/1992,0,15.56,2.2902,2.336
9/25/1992,0,16.28,2.5,1.6794
9/26/1992,14.09,17.83,1.9411,1.4184
9/27/1992,0,17.825,2.409,2.6096
9/28/1992,0,15.465,2.755,1.9698
9/29/1992,0,14.93,2.7049,1.4121
9/30/1992,0,12.54,2.5817,1.1785
10/1/1992,0,12.74,2.6004,1.0501
10/2/1992,0,13.61,2.6016,0.9891
10/3/1992,0,14.05,2.585,0.9281
10/4/1992,3.53,15.765,2.0617,0.886
10/5/1992,0.92,15.875,2.0326,0.8586
10/6/1992,0,13.825,2.3758,0.8186
10/7/1992,0,13.945,2.3199,0.7829
10/8/1992,0,15.885,2.2743,0.7555
10/9/1992,0,12.235,2.2177,0.7387
10/10/1992,0,12.605,2.2009,0.7239
10/11/1992,0,11.72,2.1041,0.7261
10/12/1992,0,10.505,2.0007,0.7071
10/13/1992,0,13.315,2.1352,0.6945
10/14/1992,0,16.65,2.248,0.7155
10/15/1992,0,19.29,2.2797,0.6987
10/16/1992,14.26,16.66,1.7121,0.7345
10/17/1992,9.69,10.675,1.531,0.8186
10/18/1992,0,10.25,1.704,0.766
10/19/1992,0,7.465,1.598,0.7197
10/20/1992,0,8.52,1.6079,0.6987
10/21/1992,0,13.835,1.7814,0.6966
10/22/1992,0,15.935,1.8469,0.7134
10/23/1992,0,16.3,1.8795,0.7113
10/24/1992,0,16.07,1.8263,0.705
10/25/1992,0,14.835,1.7269,0.6819
10/26/1992,0,13.325,1.629,0.6734
10/27/1992,11.2,15.36,1.4307,0.6945
10/28/1992,0,13.54,1.4306,0.7787
10/29/1992,0,12.03,1.4587,0.785
10/30/1992,6.08,12.955,1.2017,0.7576
10/31/1992,9.43,15.82,0.9968,0.7997
11/1/1992,8.2,17.61,1.1003,0.7787
11/2/1992,15.04,16.37,1.1201,0.8081
11/3/1992,0,12.085,1.3576,0.8881
11/4/1992,11.14,13.485,1.2185,0.9218
11/5/1992,11.44,5.515,0.7801,1.0207
11/6/1992,0,2.6,0.6103,1.0312
11/7/1992,0,1.79,0.8017,0.9639
11/8/1992,0,3.765,0.9482,0.8965
11/9/1992,0,7.38,1.0601,0.8502
11/10/1992,0,11.485,1.1107,0.8144
11/11/1992,1.26,13.795,1.0425,0.7976
11/12/1992,22.58,13.83,1.0182,0.8607
11/13/1992,0,6.8,0.9773,1.1217
11/14/1992,0,4.91,0.8901,1.2164
11/15/1992,0,5.875,0.9031,1.067
11/16/1992,0,5.565,0.8847,0.9744
11/17/1992,0,9.255,0.9598,0.9239
11/18/1992,0,9.83,0.9335,0.9112
11/19/1992,0,11.045,0.9412,0.886
11/20/1992,0,13.73,1.0649,0.8692
11/21/1992,25.61,16.045,0.9483,1.0291
11/22/1992,34.65,16.205,0.9801,2.8832
11/23/1992,0,11.375,0.9553,3.5566
11/24/1992,10.78,8.095,0.7327,2.2729
11/25/1992,14.68,11.1,0.8622,2.1887
11/26/1992,0,8.645,0.8485,3.0094
11/27/1992,0,4.01,0.6672,2.3781
11/28/1992,0,1.225,0.5792,1.9382
11/29/1992,0,1.29,0.5963,1.6815
11/30/1992,0,0.925,0.6227,1.4963
12/1/1992,0,2.385,0.6422,1.3553
12/2/1992,0,2.69,0.6461,1.2522
12/3/1992,0,2.42,0.6262,1.1533
12/4/1992,11.53,4.265,0.6512,1.0922
12/5/1992,0.45,2.305,0.6137,1.0859
12/6/1992,0,-0.315,0.534,1.027
12/7/1992,4.81,0.99,0.5417,0.9891
12/8/1992,0,2.265,0.5757,0.9639
12/9/1992,0,1.87,0.5835,0.9618
12/10/1992,9.73,3.43,0.5804,1.0649
12/11/1992,0.45,3.99,0.6171,1.1007
12/12/1992,0,0.14,0.5449,1.0501
12/13/1992,0,2.32,0.5786,1.0144
12/14/1992,0,4.86,0.6405,0.9849
12/15/1992,0,8.405,0.7387,0.9597
12/16/1992,5.68,9.405,0.7067,0.9765
12/17/1992,3.18,6.105,0.6583,0.9891
12/18/1992,0,3.51,0.6123,0.9765
12/19/1992,0,6.305,0.6598,0.9597
12/20/1992,25.2,7.52,0.6933,1.2459
12/21/1992,0,4.365,0.6451,1.6899
12/22/1992,10.62,7.4,0.687,1.6962
12/23/1992,23.2,10.565,0.7711,2.9252
12/24/1992,4.14,1.73,0.5569,4.693
12/25/1992,0,-2.225,0.5094,3.5356
12/26/1992,5.88,0.215,0.5442,2.9463
12/27/1992,2.84,0.745,0.565,2.5675
12/28/1992,4.07,4.875,0.6138,2.2939
12/29/1992,0,7.89,0.7465,2.0771
12/30/1992,0,11.495,0.8579,1.8772
12/31/1992,0,9.695,0.8085,1.7236
